"CLUSTER","ADM2_CODE","raw_prev_rate","count","response","ADM1_NAME","male_pop","age_0004_pop","age_0514_pop","age_1524_pop","age_2534_pop","age_3544_pop","age_4554_pop","age_5564_pop","age_65up_pop","hivPrev_2018","hv025_urban_2013","asin_hv226_solidFuel_2013","hv252_dailySmokingHH_2013","hv270_poorest_2013","mv149_lessThanSecondaryEduc_2013","mv717_unskilledOrUnemployed_2013","v149_lessThanSecondaryEduc_2013","v394_notVisitedHF_2013","v445_underweight_2013","asin_v481_uninsured_2013","nga10povcons125","nga_bsgmi_v0a_100m_2011","GHS_BUILT_LDS2014_GLOBE_R2018A_54009_1K_V2_0","assets_fn0","assets_fn1","assets_fn10","assets_fn11","assets_fn12","assets_fn13","assets_fn14","assets_fn15","assets_fn16","assets_fn17","assets_fn18","assets_fn19","assets_fn2","assets_fn3","assets_fn4","assets_fn5","assets_fn6","assets_fn7","assets_fn8","assets_fn9","zone","urban","high_hiv"
38,"NGA001002",0,334,0,"Abia",0.51649038366554,0.112310365526547,0.242876565882283,0.219790631355859,0.163125669631614,0.111987399642838,0.0758821641035669,0.0449539035720061,0.0290732946142871,0.020029211221709,0.483751552112284,1.29553666763891,0.052473523291982,0.000930044737444964,0.357388095082033,0.283771253935014,0.346433332870944,0.839248533748532,0.079097609671322,1.43572344783235,0.274909108877182,0.69581364064586,0.322682400033809,0.0564254447817802,0.319396525621414,0.110383808612823,0.169825881719589,0.177464470267296,0.328023254871368,0.178216814994812,0.19612167775631,0.395609855651855,0.25988757610321,0.0619587674736977,0.338744401931763,0.229500308632851,0.163895532488823,0.160605311393738,0.162466377019882,0.236227288842201,0.119713999330997,0.341053932905197,0.0124539146199822,"South.East",TRUE,TRUE
15,"NGA002004",0.00407055630936228,737,3,"Adamawa",0.50505889980962,0.197256601039286,0.282369662922675,0.180752587610605,0.130432974490785,0.0856844206120316,0.0549602368838146,0.036199841259989,0.0323435748706606,0.0105250663081689,0.11920265935456,1.52912252210498,0.0497893312186977,0.202002955555168,0.63688073337509,0.166122512105516,0.802485116356631,0.837132150855668,0.182806263626353,1.46837976047336,0.739893078804016,0.00632275959882036,0.000564582682732674,0.265731513500214,0.0854353830218315,0.105711340904236,0.332371741533279,0.146931722760201,0.101715490221977,0.213873729109764,0.107018362730742,0.210367448627949,0.363277718424797,0.20831897854805,0.0566465817391872,0.232905060052872,0.343019589781761,0.0189697295427322,0.370685860514641,0.349507167935371,0.202480345964432,0.389099881052971,0.178303003311157,"North.East",FALSE,FALSE
11,"NGA002020",0.011826544021025,761,9,"Adamawa",0.518071929294237,0.172276217555062,0.273172685907461,0.201023419864965,0.141826637825124,0.0926068011766058,0.0561901248631291,0.0351529780448927,0.0277510398311347,0.0219357779642111,0.280825974287346,1.44974447975945,0.0947586713125791,0.160077104052203,0.60135168185468,0.22219623737392,0.699356722451348,0.812955051402561,0.0998138752008332,1.38879046115295,0.696323454380035,0.033684980921667,0.00640412005478793,0.237024962902069,0.118479281663895,0.104379821568727,0.296396002173424,0.144899241626263,0.123410645872355,0.213633045554161,0.133639387786388,0.226325109601021,0.331167936325073,0.200986325740814,0.067834347486496,0.217576116323471,0.321705207228661,0.0459196027368307,0.336130723357201,0.295239493250847,0.233886376023293,0.360828429460526,0.166186802089214,"North.East",FALSE,TRUE
46,"NGA003005",0.00760456273764259,526,4,"Akwa lbom",0.506007206216144,0.123867061850403,0.263661515352311,0.210136660773615,0.139092670223577,0.101683593725451,0.0751322105030003,0.0504016560608751,0.0360246294650245,0.0407027015780717,0.209591462964244,1.38188349857988,0.059419911724038,0.00309921735257357,0.460421546292649,0.281774894745393,0.492522641337674,0.837919669826225,0.0825492692294674,1.40236627828338,0.554058730602264,0.0712447823037771,0.00105866652319835,0.162640623748302,0.140362024307251,0.11190365254879,0.228515118360519,0.143440991640091,0.18845796585083,0.205035582184792,0.148127280175686,0.235610313713551,0.276258453726768,0.157521113753319,0.135395050048828,0.206916756927967,0.322233125567436,0.0738076008856297,0.272076264023781,0.237197302281857,0.157128132879734,0.296839132905006,0.0751401484012604,"South.South",FALSE,TRUE
47,"NGA003031",0.00431034482758621,464,2,"Akwa lbom",0.512896953097144,0.11627343774047,0.238639392442067,0.233908204989355,0.163558812281253,0.10856598502556,0.0711174397449982,0.0413416974434804,0.0265950180078182,0.0357550787317246,0.0709988174403762,1.4125343254222,0.0736932950176436,0.0100696375157473,0.560465921191637,0.282103398152342,0.621916639413072,0.817964289821951,0.0839788050473744,1.35450580997329,0.550356984138489,0.318308761869985,0.062440241536152,0.121481321752071,0.291904419660568,0.124375835061073,0.229403808712959,0.191471204161644,0.325937300920486,0.230731338262558,0.221746861934662,0.426230728626251,0.316733181476593,0.127291649580002,0.273875415325165,0.222341746091843,0.260338574647903,0.149415478110313,0.267798125743866,0.261236011981964,0.215881302952766,0.34932205080986,0.0519730933010578,"South.South",TRUE,TRUE
39,"NGA004001",0.0054249547920434,553,3,"Anambra",0.502628149439095,0.115204914774375,0.251289386719121,0.214555702493334,0.141718112936176,0.104326486081259,0.0774149157838062,0.0525709147272576,0.0429195422357121,0.0215050490514301,0.678457480938948,1.44477306863743,0.066749001511372,0.00388444558752077,0.590614579172812,0.337378147940157,0.411552586390259,0.772674478892966,0.0357883986819904,1.39706664980437,0.420245051383972,0.427417869460583,0.137236453691382,0.169877588748932,0.239194199442863,0.128913164138794,0.261822372674942,0.179207608103752,0.27288743853569,0.155865371227264,0.173554077744484,0.377913564443588,0.345731794834137,0.117136873304844,0.26485875248909,0.230418622493744,0.258468478918076,0.0731677487492561,0.324016094207764,0.30930107831955,0.20546743273735,0.406363993883133,0.0236422885209322,"South.East",TRUE,TRUE
40,"NGA004010",0.0157068062827225,573,9,"Anambra",0.507983386938654,0.120428462513115,0.252393607787509,0.210512377858807,0.149251221733995,0.106284168631498,0.0742770876452915,0.0481353691105941,0.0387177142805934,0.0226534340495962,0.673954485432981,1.40530204548916,0.0728557605193163,0.00328228190844742,0.5259872216285,0.323785836783762,0.437764343158642,0.769749061008474,0.044951994263422,1.38050468922592,0.353232428431511,0.562429305307625,0.35042167244803,0.123079530894756,0.279164880514145,0.122523434460163,0.208409950137138,0.221691682934761,0.304797440767288,0.150268137454987,0.184249997138977,0.365749329328537,0.294349849224091,0.0898772552609444,0.32121753692627,0.223416432738304,0.182863593101501,0.129596471786499,0.263718008995056,0.246863126754761,0.168645545840263,0.3638756275177,0.0340245887637138,"South.East",TRUE,TRUE
13,"NGA005002",0.0112721417069243,621,7,"Bauchi",0.514639999003724,0.197937017868939,0.286356614642229,0.191847699066247,0.131987410361409,0.0850821284721833,0.0510574668386197,0.0316422930405186,0.0240888733212882,0.008423906821906,0.136415177468252,1.53145852291917,0.0619188899730459,0.305833468732315,0.734329947961144,0.0571108865426417,0.900440249646662,0.785612571189114,0.148467527824785,1.44183198819694,0.853107571601868,0.015665750374444,0.0105828573925391,0.231539256870747,0.0962449312210083,0.0951360911130905,0.276441112160683,0.145683601498604,0.129239842295647,0.205654866993427,0.121977359056473,0.204253241419792,0.31234036386013,0.195569336414337,0.0534235406666994,0.210831448435783,0.308829113841057,0.0401205644011497,0.318188279867172,0.291539058089256,0.209324076771736,0.335420116782188,0.184696480631828,"North.East",FALSE,FALSE
19,"NGA005004",0.00130718954248366,765,1,"Bauchi",0.509682197723638,0.212987123239566,0.289456871120896,0.177681408644358,0.130601613062506,0.0844197356626449,0.052677681612093,0.0287292031599625,0.0234463985806108,0.003007617171646,0.497787816112173,1.53350538244922,0.0136971104606846,0.634317181294226,0.784331046585052,0.0375428734640125,0.931723448507305,0.89543112175837,0.303493136362081,1.48902996492823,0.918509185314178,0.00544003318169035,0.00186861918194962,0.26554149389267,0.0830964371562004,0.09913270175457,0.306413859128952,0.151418060064316,0.1481112241745,0.23111492395401,0.137354731559753,0.218934074044228,0.349141597747803,0.207367867231369,0.049265518784523,0.23138827085495,0.325142443180084,0.0452933497726917,0.360270440578461,0.326666355133057,0.185615226626396,0.369520604610443,0.19006559252739,"North.East",FALSE,FALSE
14,"NGA005015",0.00122100122100122,819,1,"Bauchi",0.510349364518092,0.214162267746177,0.288375973523523,0.176808094288801,0.130597162495262,0.084753439987511,0.0523609919496448,0.0296044638156306,0.02333752981605,0.00405369541908319,1.32034044877946e-12,1.50562728042279,0.0269769071755661,0.764062936104325,0.900942574937506,0.0485285519512376,0.990376070392549,0.892536664995858,0.130913579117079,1.49132823824812,0.860343813896179,0.00323994867211277,0.00209540427334864,0.233430922031403,0.109002478420734,0.108203187584877,0.293245375156403,0.148662284016609,0.131758481264114,0.202461630105972,0.119222886860371,0.22409276664257,0.334103465080261,0.186888813972473,0.0701005384325981,0.213958546519279,0.327666461467743,0.0296778660267591,0.338610142469406,0.294617027044296,0.222388565540314,0.345952481031418,0.161216661334038,"North.East",FALSE,FALSE
48,"NGA006008",0.00137741046831956,726,1,"Bayelsa",0.517884047377662,0.1272450627161,0.256798779399524,0.210046208403125,0.154337823751722,0.107477373683522,0.0702838976692797,0.0434061490061072,0.0304046192794747,0.0155838726913831,0.276460230323247,1.3238987029959,0.0825964545467892,0.0010126180621679,0.371817854092134,0.268354238252093,0.506394762621864,0.780086596498057,0.0550130850888109,1.37712842099995,0.361568495631218,0.0931731112409887,0.056187309424661,0.147643387317657,0.111063353717327,0.0978885293006897,0.200264737010002,0.21318031847477,0.132728382945061,0.223856315016747,0.173455074429512,0.223742946982384,0.211553767323494,0.15766653418541,0.124899357557297,0.209672123193741,0.225501731038094,0.145965248346329,0.212152078747749,0.185503736138344,0.144547283649445,0.208847120404243,0.123875252902508,"South.South",FALSE,FALSE
1,"NGA007005",0.00145772594752187,686,1,"Benue",0.501362896165128,0.167007180919478,0.292265936281985,0.202577615164689,0.129994437303473,0.0848049805916126,0.0546705225125928,0.0375100003233122,0.0311694220766024,0.0661896565071456,0.180886652561035,1.4888786584718,0.253206005757676,0.1596063631217,0.654574673478668,0.201594886253098,0.910666635174677,0.775251234243203,0.0855568006402432,1.45946673327953,0.696790099143982,0.0183779546713636,0.0113157008087003,0.243025049567223,0.126771926879883,0.109091281890869,0.311435788869858,0.154485508799553,0.123541943728924,0.185828238725662,0.121149353682995,0.227815419435501,0.353536188602448,0.179698005318642,0.101688973605633,0.223746791481972,0.317143827676773,0.0265992116183043,0.339247018098831,0.330261558294296,0.210410416126251,0.370667487382889,0.133039325475693,"North.Central",FALSE,TRUE
2,"NGA007013",0.00625978090766823,639,4,"Benue",0.517451343191319,0.159230693157856,0.273369236929475,0.221370082097565,0.146061608844098,0.092052823028018,0.0568138855850563,0.0310055088640094,0.0200962030417979,0.0347570522515674,0.643752739061925,1.44548696028392,0.133472289078373,0.0195397978066055,0.395153685261264,0.261530579672191,0.492257213073959,0.727543101804876,0.066473612841433,1.43716785706463,0.688092708587646,0.0698659124257422,0.038992106904568,0.222570613026619,0.107355613261461,0.101089276373386,0.308815494179726,0.147279463708401,0.116714660078287,0.217573136091232,0.137094132602215,0.227084174752235,0.34696626663208,0.202381193637848,0.0703430250287056,0.215733587741852,0.333019450306892,0.0449533313512802,0.343908816576004,0.32222643494606,0.223199985921383,0.354805782437325,0.166287630796432,"North.Central",FALSE,TRUE
50,"NGA010019",0.0028328611898017,706,2,"Delta",0.500983121208174,0.134351845669968,0.264775584421242,0.204594550362098,0.13820105778951,0.102103363339786,0.0717699706967225,0.0465470020920901,0.0376567219334565,0.0161033607158647,0.531462461618338,1.31308128190053,0.102883629198706,0.0103363895308141,0.405720393646577,0.33380620197568,0.576541481487331,0.862178179374007,0.063217223200969,1.33847203888989,0.319302409887314,0.0627518885430776,0.0390029439229811,0.179047375917435,0.148972861468792,0.101703301072121,0.218835413455963,0.212813645601273,0.178896926343441,0.28309528529644,0.224366314709187,0.254779472947121,0.244324363768101,0.182591743767262,0.137015879154205,0.196173839271069,0.260492324829102,0.194722555577755,0.247117199003696,0.148544952273369,0.236495643854141,0.233865819871426,0.191888585686684,"South.South",FALSE,FALSE
51,"NGA010024",0.00138312586445367,723,1,"Delta",0.509605967397158,0.127075605323463,0.247043680188326,0.209795015550328,0.156719055667201,0.107632239704433,0.0716102579102433,0.0468501310499005,0.0332740347745441,0.0185130010766509,0.0126323771918486,1.24381666924989,0.0757540016079298,0.000994332972323176,0.470917198863659,0.332123682296832,0.638170953425869,0.906228485396066,0.0766945627608383,1.36547823554344,0.402854144573212,0.0671833242182312,0.0354246566125814,0.16664357483387,0.145738735795021,0.144227549433708,0.229302242398262,0.300110787153244,0.239460811018944,0.29175654053688,0.323745459318161,0.286497712135315,0.207942828536034,0.189566135406494,0.222516536712646,0.183502927422523,0.228292003273964,0.267979860305786,0.225654736161232,0.152314037084579,0.277972757816315,0.193800300359726,0.197731658816338,"South.South",FALSE,FALSE
41,"NGA011013",0.0018796992481203,532,1,"Ebonyi",0.494808373139602,0.134954961162489,0.269142259293282,0.200800373286406,0.129054857550508,0.100771138925326,0.074419442660329,0.0511829889621227,0.0396740022098662,0.00920468972174209,0.640080275954795,1.41796689741448,0.043202344430131,0.0519568701039863,0.588870907927374,0.202930683187404,0.673664506169734,0.719969182700183,0.101044645598837,1.43344745791205,0.735076516866684,0.0228208260971101,0.00159187763961284,0.229153960943222,0.13637737929821,0.070868406444788,0.302085533738136,0.141633778810501,0.105460565537214,0.260443031787872,0.160158388316631,0.234372809529305,0.32918256521225,0.235127620398998,0.0662261582911015,0.213962055742741,0.352485463023186,0.0765394158661366,0.366349965333939,0.307184338569641,0.266316965222359,0.331583127379417,0.180804513394833,"South.East",FALSE,FALSE
52,"NGA012011",0.00297619047619048,672,2,"Edo",0.501483568722288,0.136871701900789,0.247923259145937,0.211642916836057,0.152737277523688,0.0970969919766389,0.0695149975156062,0.0491600957979259,0.035052751467076,0.0164295028168807,0.80557157994315,1.30877594158907,0.0772334485021979,0.00125996379013795,0.389545755810798,0.296151705001453,0.477200999949089,0.830216598328087,0.0774338379584784,1.35531626241709,0.344660237431526,0.106249347557378,0.0831624680233168,0.118746910244226,0.151627816259861,0.133198633790016,0.197097666561604,0.209307767450809,0.188548192381859,0.229833006858826,0.188903570175171,0.266258880496025,0.21645887196064,0.171271711587906,0.144435323774815,0.221318565309048,0.25625516474247,0.158275179564953,0.203234702348709,0.200849205255508,0.118589695543051,0.238336622714996,0.138872765004635,"South.South",TRUE,FALSE
53,"NGA012012",0,741,0,"Edo",0.506335834533961,0.126815915859415,0.223633990767744,0.215742503511172,0.175474629683759,0.103077582998418,0.0688467870652291,0.0486988936892472,0.0377096496840333,0.0270031732442464,0.65464357822542,1.35210522167766,0.0675531575256824,0.00135643289339484,0.403484951907514,0.254986229290613,0.536533721353884,0.853130139530066,0.070855139907533,1.37435965291809,0.405108958482742,0.218092509560968,0.181311398701579,0.1233084872365,0.114731661975384,0.125570550560951,0.196517959237099,0.204819560050964,0.12076772749424,0.192093893885612,0.126934498548508,0.21716546267271,0.272194281220436,0.133836179971695,0.14043228328228,0.238531909883022,0.247427649796009,0.0977706164121628,0.1842036023736,0.231528997421265,0.0823503583669662,0.299193620681763,0.0802159197628498,"South.South",TRUE,TRUE
57,"NGA013001",0.00151057401812689,662,1,"Ekiti",0.521392252178713,0.104897993763733,0.236786930108992,0.268603776275668,0.154646840427601,0.0931559283103425,0.0661473707678973,0.0434824233809431,0.0322787685828592,0.00756945598999405,0.821877774533238,1.38322050562015,0.0296724959264505,0.00260030692067957,0.31933743434108,0.337023520121444,0.371744398177307,0.691996472822308,0.067044795817545,1.39928105380511,0.529628992080688,0.170313827362775,0.148999634259857,0.128249913454056,0.150792770087719,0.102711893618107,0.198448814451694,0.167551673948765,0.134834170341492,0.197552941739559,0.155817404389381,0.233009561896324,0.255184352397919,0.144407257437706,0.117555718868971,0.207920245826244,0.235312037169933,0.108701638877392,0.208898365497589,0.186795689165592,0.151112742722034,0.270514234900475,0.11036566272378,"South.West",TRUE,FALSE
42,"NGA014003",0.003584229390681,279,1,"Enugu",0.47987774820088,0.130050475757786,0.241243603314103,0.225010687838953,0.144147621582432,0.100118017676437,0.0752362355713154,0.0504566394751149,0.0337367371159611,0.0131395253866755,0.823060632630528,1.39970599318068,0.0579238885356949,0.0398144083126411,0.582041396801415,0.263725882739674,0.617714370753574,0.673962839221036,0.0750290841679739,1.41712331812046,0.708125591278076,0.0851965035878273,0.0322187135709687,0.185056440532207,0.128029033541679,0.102203976362944,0.264626935124397,0.154748745262623,0.119225714355707,0.203747235238552,0.138972401618958,0.227906502783298,0.305600121617317,0.176374331116676,0.089536264538765,0.214147016406059,0.293552234768867,0.0676368363201618,0.295285433530807,0.264596834778786,0.202471569180489,0.323476314544678,0.129550062119961,"South.East",FALSE,FALSE
43,"NGA014013",0,475,0,"Enugu",0.483944886089056,0.117975857580933,0.251077260419658,0.233085118876708,0.13168728485468,0.0933043798289074,0.0750776617062764,0.054650855952116,0.0431416353611746,0.0181585286345451,0.607516013219213,1.48157946875897,0.0865300863513044,0.0165955425464683,0.565806267266111,0.329595306260735,0.632745245455476,0.754128376839181,0.0627513101288791,1.40184547843708,0.630168199539185,0.0908533925375391,0.0191060173516638,0.214627265930176,0.162326455116272,0.114237241446972,0.291250944137573,0.156178489327431,0.175310552120209,0.17323537170887,0.14389880001545,0.28083798289299,0.355145931243896,0.153853923082352,0.161722972989082,0.241751164197922,0.291795194149017,0.0503262057900429,0.35131710767746,0.348420083522797,0.233743384480476,0.392362058162689,0.0958552584052086,"South.East",FALSE,FALSE
67,"NGA030023",0.0121293800539084,742,9,"Osun",0.502992778780137,0.1265737674495,0.26870692302819,0.202042657637551,0.13611486593347,0.1040981504846,0.0763263266632509,0.0496936596394207,0.0364436509392687,0.0075163036680101,0.995710449626654,1.40706771313142,0.0323505013937263,0.000232125358395598,0.36412019959695,0.218075727431262,0.447452871961827,0.558173595631564,0.112334112788967,1.42464698383691,0.482920318841934,0.101008792979277,0.0850550723087339,0.171358898282051,0.169811740517616,0.079224668443203,0.245899125933647,0.160655349493027,0.131248563528061,0.235063806176186,0.169958651065826,0.251234769821167,0.282439053058624,0.193970173597336,0.10518404841423,0.187632098793983,0.298738539218903,0.104039207100868,0.317595362663269,0.253226280212402,0.24587382376194,0.291933655738831,0.147194728255272,"South.West",TRUE,FALSE
69,"NGA031007",0.00136425648021828,733,1,"Oyo",0.4942717768961,0.141424025926854,0.249234469354172,0.189292310906833,0.156356840111169,0.103344619608032,0.0700024961775249,0.0501050086611279,0.0402401803145842,0.00916558103487359,0.999788638313744,1.41408828839223,0.0544683622890592,0.000692402908290623,0.368787207197834,0.265421317192122,0.480673603734876,0.637034376794415,0.117031584997196,1.44750975817977,0.266560196876526,0.987081852508267,0.902912346940292,0.0487520694732666,0.276645377278328,0.098204642534256,0.120692655444145,0.17356926202774,0.340979442000389,0.128726430237293,0.150284253060818,0.304366618394852,0.169425554573536,0.0699560604989529,0.319890066981316,0.220581658184528,0.132611930370331,0.153245806694031,0.0795182399451733,0.163253113627434,0.0539296884089708,0.24832059442997,0.0126206297427416,"South.West",TRUE,FALSE
68,"NGA031009",0.0151057401812689,662,10,"Oyo",0.49147993789162,0.151686527009975,0.248682110293174,0.173212634904994,0.160248668315005,0.106744943389121,0.0672725248934787,0.0508634688857954,0.0412890728107989,0.0107318565532659,0.999730423931222,1.41673009313308,0.0555794374845605,0.000651562194608797,0.381234643243775,0.262615880968358,0.485913374658858,0.637665186199279,0.116432343011944,1.44767105602756,0.26584729552269,0.843593462855833,0.881276649587295,0.016649104654789,0.342248290777206,0.163247093558311,0.0909291058778763,0.175011336803436,0.401353001594543,0.141185164451599,0.16985297203064,0.431629091501236,0.21031753718853,0.0564799085259438,0.431129693984985,0.25642517209053,0.13030269742012,0.173429980874062,0.0423423387110233,0.196358203887939,0.0372038409113884,0.335381925106049,0.000807613541837782,"South.West",TRUE,FALSE
70,"NGA031010",0.0112640801001252,799,9,"Oyo",0.492713355755332,0.133560058954384,0.232863657345087,0.18322594679032,0.162892266972535,0.110464566105177,0.07302119821887,0.0568376384924325,0.0471346438320106,0.00915858432952474,0.99972634693932,1.42400573729871,0.0527581879896483,0.000846474207036771,0.371889575993918,0.264498657216085,0.497894304708684,0.64222368531117,0.117668475772125,1.44656465828058,0.267050117254257,0.880280013522242,0.773466238888299,0.0296347551047802,0.393555074930191,0.146441981196404,0.155226096510887,0.277968004345894,0.424575060606003,0.158361062407494,0.208873957395554,0.494543045759201,0.273150235414505,0.0443151574581861,0.470540508627892,0.255711123347282,0.080998457968235,0.186135374009609,0.0994368121027946,0.179907351732254,0.052665626630187,0.379163563251495,0.00386202451772988,"South.West",TRUE,FALSE
3,"NGA015002",0.00265957446808511,376,1,"Federal Capital Territory",0.540637491398439,0.155091780835062,0.215741508368263,0.182710237096515,0.226066977528198,0.126036892774322,0.0579440747053588,0.0243331330886787,0.0120752574435088,0.0144766310779305,0.738432580712682,0.988695492250941,0.0608215590543714,0.00144759030491571,0.231197582257797,0.18814415128375,0.35875958463012,0.606479207534851,0.0310498808491225,1.13304428395202,0.482376515865326,0.14885370954541,0.114999854108912,0.209593817591667,0.195100083947182,0.104173019528389,0.279435068368912,0.17594300955534,0.166779719293118,0.214353904128075,0.171770185232162,0.277181193232536,0.343700766563416,0.181603841483593,0.139517985284328,0.230004645884037,0.276525661349297,0.0882948078215122,0.325424835085869,0.307328671216965,0.230049602687359,0.383099675178528,0.133317150175571,"North.Central",TRUE,FALSE
17,"NGA016001",0,779,0,"Gombe",0.524164388484373,0.204042650394471,0.291323654351201,0.186190562224318,0.12891008926019,0.0826596167101702,0.0497993257061868,0.0315264634690448,0.0255476477987852,0.0082473735343092,0.00135428199055764,1.48639065101083,0.0470507372012521,0.157348647819924,0.683887189182081,0.101856856408092,0.86945251530803,0.905728042394751,0.195893122488108,1.45293164857197,0.797722160816193,0.0127428977806524,0.00436966268352825,0.214466281235218,0.0871391370892525,0.0996217839419842,0.248744681477547,0.156952530145645,0.154386729001999,0.231713660061359,0.138952851295471,0.206705048680305,0.2899519354105,0.199474200606346,0.0467399302870035,0.207990944385529,0.30585004389286,0.0634999424219131,0.298764705657959,0.267433017492294,0.172772012650967,0.289687484502792,0.193804539740086,"North.East",FALSE,FALSE
16,"NGA016006",0.00165562913907285,604,1,"Gombe",0.528966876315274,0.203354181590268,0.293982669984019,0.186509847084633,0.127936221284568,0.0820424113726405,0.0493843667810885,0.0312969596871821,0.0254933589777159,0.0121945615743634,0.428071154470465,1.46583768028872,0.0368595275875037,0.199847664427254,0.725740078102802,0.0950972544353052,0.837561574894058,0.939157703552512,0.269963940323832,1.45364452400037,0.681828767061234,0.63607307652567,0.456818818912033,0.0292562572285533,0.416869625449181,0.140269502997398,0.160241447389126,0.330050200223923,0.484644293785095,0.162143737077713,0.24512854218483,0.575301080942154,0.297583147883415,0.0672520995140076,0.497797906398773,0.266266584396362,0.0926960930228233,0.183019548654556,0.0730769596993923,0.237388104200363,0.0349368639290333,0.384318366646767,0.00800572126172483,"North.East",TRUE,FALSE
44,"NGA017009",0,535,0,"Imo",0.508174023520893,0.124907014143875,0.261062746366375,0.205764431006004,0.136703449506985,0.104336719471543,0.0757342021086801,0.0520503398610506,0.0394410220050138,0.0205628289952702,0.571779737087009,1.42837617872556,0.0609611515004247,0.00244088280564041,0.517804133326416,0.319995545510665,0.403160082109359,0.799832969561038,0.0454477249937869,1.41443945534281,0.473244145512581,0.218145411495217,0.0266026330486938,0.148096837103367,0.140536345541477,0.109589826315641,0.234390668570995,0.147918231785297,0.183787234127522,0.195564217865467,0.140310920774937,0.261094018816948,0.285608679056168,0.149151362478733,0.138584688305855,0.21943324059248,0.318465679883957,0.0584546495229006,0.272710725665092,0.232425965368748,0.123987466096878,0.306929662823677,0.0673194043338299,"South.East",TRUE,TRUE
45,"NGA017011",0.00185873605947955,538,1,"Imo",0.501438556242617,0.124567118590677,0.253074568513088,0.205368340379177,0.136972082825001,0.104669753184844,0.0782728180334687,0.0528531289469162,0.0442221340014844,0.0136986955173686,0.372961647129429,1.45409232688694,0.0739692336972071,0.00901685693705667,0.468260277339938,0.325551647274517,0.486650687139477,0.771617571800498,0.0532333485000239,1.41790632959161,0.400196075439453,0.22608630252952,0.0226051211558337,0.137826792895794,0.167931966483593,0.111037038266659,0.211798489093781,0.170311152935028,0.205238617956638,0.189191795885563,0.159171529114246,0.274444207549095,0.252312928438187,0.125448495149612,0.177177220582962,0.20682480186224,0.310411885380745,0.0850348323583603,0.248237192630768,0.208706349134445,0.129458159208298,0.28380224108696,0.062007887288928,"South.East",TRUE,FALSE
20,"NGA018004",0,809,0,"Jigawa",0.492941223971721,0.210338047467222,0.280805314383286,0.164131834423308,0.137816394174991,0.0904118652640575,0.0527751266577431,0.03472260991342,0.0289988862218209,0.0038342760070972,0.0181967075795239,1.50519706156811,0.0164260489944095,0.450089846504993,0.789021732017959,0.0485078091411548,0.991118616349787,0.789643260459446,0.201316601247332,1.4824603900607,0.865007877349854,0.0172732256739568,0.00584587198364177,0.204740449786186,0.111950971186161,0.115659192204475,0.24391633272171,0.154712080955505,0.16955354809761,0.196081429719925,0.134460344910622,0.223428562283516,0.290806144475937,0.173435628414154,0.0575325302779675,0.200487330555916,0.30192893743515,0.0519546344876289,0.283220797777176,0.24383345246315,0.209205538034439,0.292317181825638,0.171112671494484,"North.West",FALSE,FALSE
21,"NGA018011",0.00261096605744125,766,2,"Jigawa",0.50980062162249,0.214566675050081,0.284173052426451,0.174780894019355,0.131325919408197,0.0856700823603541,0.0524134297799341,0.0309975853148382,0.026072247705375,0.00411191209152758,0.0312210749386339,1.53488342035463,0.019623695984258,0.456835968497411,0.82883026048218,0.0329231648793395,0.954286428708779,0.876423526660291,0.190526360091831,1.50797148125765,0.895487070083618,0.0104536406428295,0.00385779452289151,0.21856801211834,0.0998133160173893,0.110875587910414,0.267721325159073,0.155536994338036,0.153026856482029,0.197901010513306,0.128028489649296,0.214972905814648,0.307771101593971,0.183290727436543,0.0540894586592913,0.208591252565384,0.302671328186989,0.0429993104189634,0.306829020380974,0.279039338231087,0.201979614794254,0.314521208405495,0.180922195315361,"North.West",FALSE,FALSE
22,"NGA019004",0.00313479623824451,638,2,"Kaduna",0.510203368673284,0.198350232756715,0.280207098960193,0.185311882918349,0.138936552234349,0.0888871337673123,0.0530369175353548,0.0317632015184395,0.0235071647373829,0.00741535212220661,0.976571855112057,1.47045955765799,0.0926738980317588,0.0243239898287093,0.543521313409072,0.182324618052259,0.755917535094452,0.509482054020922,0.0741526042690362,1.41192816613977,0.701358020305634,0.0209942750653116,0.00899115366164522,0.266063511371613,0.106800422072411,0.103117600083351,0.338326960802078,0.146434292197227,0.121507205069065,0.231035336852074,0.123510949313641,0.232314974069595,0.375573843717575,0.217535004019737,0.0674346908926964,0.239602759480476,0.36067008972168,0.0315148867666721,0.38758060336113,0.350662708282471,0.224902167916298,0.398842006921768,0.169353514909744,"North.West",FALSE,FALSE
24,"NGA019023",0,363,0,"Kaduna",0.520802854566781,0.193681062910962,0.283912141817414,0.19630510960691,0.134584143312947,0.0835270726709325,0.0497732538986364,0.0326252229239274,0.0255919912046721,0.00610140693565912,0.99504134173378,1.50221290228321,0.0527025894378609,0.0464756906938143,0.484628758928949,0.205363370554034,0.740036367998164,0.507640981009224,0.0943337109114136,1.34624475211862,0.690305918455124,0.117336946328787,0.0782408975621581,0.224272534251213,0.157210394740105,0.125558018684387,0.237774938344955,0.203466534614563,0.189808934926987,0.202226892113686,0.172433838248253,0.249201476573944,0.307768851518631,0.178776577115059,0.085479311645031,0.219739139080048,0.24993559718132,0.0908035188913345,0.283607751131058,0.265733063220978,0.18603777885437,0.329917818307877,0.158279731869698,"North.West",TRUE,FALSE
23,"NGA019010",0.00420757363253857,713,3,"Kaduna",0.51240590312574,0.179095072270294,0.268539554087719,0.195690376655288,0.149457942626475,0.0955897687594597,0.0564448994646714,0.0334076402036469,0.0217747397786826,0.0146333311030619,0.988395546194825,1.37951975003874,0.168979991302019,0.0157556454540798,0.321060103230525,0.206214550679966,0.546201972262459,0.492631001028361,0.0542691764023215,1.40440587673444,0.413167715072632,0.703798001290557,0.450347193419152,0.0446422751992941,0.370526656508446,0.165151000022888,0.170145504176617,0.266486063599586,0.505686074495316,0.183717265725136,0.203101433813572,0.578529000282288,0.321588888764381,0.0565758720040321,0.508136868476868,0.294903188943863,0.132303081452847,0.188398368656635,0.147718869149685,0.269248992204666,0.0592958424240351,0.436563372612,0.00650826911441982,"North.West",TRUE,FALSE
25,"NGA020007",0.00687757909215956,727,5,"Kano",0.563830682095387,0.171429545900419,0.261949263418167,0.203378800591973,0.157267583215722,0.0986193333798078,0.0552499998039674,0.0311053571706811,0.021000092015184,0.00831027135684573,0.522227769623181,1.48231369367976,0.00643043625977074,0.174660041226243,0.620804725918022,0.377501576399609,0.841453301719166,0.733923689699799,0.169265883684903,1.51102542239016,0.460118502378464,0.879311878248885,0.847376847267151,0.0181507496163249,0.380491405725479,0.128301382064819,0.132087528705597,0.272655352950096,0.529079556465149,0.152588173747063,0.160422459244728,0.551948100328445,0.268878594040871,0.038937596604228,0.519579946994781,0.261389136314392,0.0926225557923317,0.207892715930939,0.055037273094058,0.176005877554417,0.0108929728157818,0.350849732756615,7.41759067750536e-05,"North.West",TRUE,FALSE
26,"NGA020018",0,710,0,"Kano",0.586940285876908,0.179174240971294,0.295178161188856,0.220099135948944,0.134185152967486,0.0788381732079132,0.0440680612676066,0.0271372706224669,0.0213197960450876,0.00696383633358872,0.519055657570021,1.48448804873527,0.00665888507610296,0.171168411743364,0.621338885068425,0.376598178496644,0.842419877025164,0.735554392755861,0.168896975408388,1.51057969786585,0.198194578289986,0.682507814581088,0.664586226729786,0.0286119300872087,0.456483155488968,0.186379253864288,0.164832845330238,0.362043142318726,0.562514543533325,0.16827429831028,0.228516444563866,0.658084273338318,0.319279253482819,0.0403748378157616,0.558538675308228,0.321799397468567,0.103888601064682,0.234852656722069,0.0722573921084404,0.217082217335701,0.00972910691052675,0.436619937419891,0,"North.West",TRUE,FALSE
27,"NGA020021",0.00605143721633888,661,4,"Kano",0.588373851331363,0.168358679068437,0.291772008575777,0.225288394100912,0.133672606635247,0.0792864529082678,0.0467738716450331,0.0306422761678151,0.0242057147179037,0.00834870140694689,0.535487520884274,1.48257761952134,0.00666713175799191,0.1567944032112,0.612410580123428,0.385943327913957,0.836579935067782,0.730186095288118,0.170736592529456,1.51024636762721,0.260380059480667,0.850289186176234,0.766796420514584,0.012839344330132,0.440469443798065,0.140709519386292,0.141124829649925,0.322002023458481,0.522441267967224,0.146550938487053,0.216940209269524,0.556181609630585,0.283484190702438,0.0532305426895618,0.509684562683105,0.260651618242264,0.086666077375412,0.205447226762772,0.0705614686012268,0.22191658616066,0.0112715689465404,0.375765472650528,0,"North.West",TRUE,FALSE
28,"NGA020031",0,531,0,"Kano",0.530167190140031,0.20022082751734,0.286148200664247,0.187003705077288,0.135696721529297,0.0867045455306349,0.0516744457010365,0.0297176509117811,0.0228339213774012,0.00625313581861054,0.453494352401894,1.49426233329762,0.00744142027797435,0.219767680624608,0.653017541820487,0.342671722235043,0.863306741908786,0.757466501603293,0.161839423172778,1.50936570322626,0.619930446147919,0.83719051261884,0.778723700131689,0.0080751501955092,0.399262249469757,0.14614899456501,0.151516936719418,0.334383994340897,0.533610135316849,0.175757795572281,0.199129045009613,0.58062544465065,0.31277696788311,0.0471875444054604,0.539963066577911,0.286507412791252,0.0544857922941446,0.211951114237309,0.0437393821775913,0.214591912925243,0.0104985544458032,0.408007726073265,0,"North.West",TRUE,FALSE
29,"NGA020042",0.00561009817671809,713,4,"Kano",0.554632300092123,0.196927358754498,0.291121927121604,0.199330677872392,0.132043699665254,0.0814246121888703,0.0465608853793404,0.0293328140085639,0.0232580664906,0.00570863969029856,0.466289177583751,1.48847523808893,0.00656682624332493,0.226524934761595,0.649519312965349,0.347232437262461,0.859776427531646,0.752001957459915,0.163222683542002,1.5112110252169,0.78090626001358,0.301283697849752,0.228793707896853,0.136001884937286,0.262245029211044,0.119381636381149,0.159680053591728,0.188995018601418,0.334413647651672,0.141470372676849,0.162353381514549,0.328473210334778,0.260558247566223,0.0799978226423264,0.252768158912659,0.2207200974226,0.19475856423378,0.123102068901062,0.16285602748394,0.224750906229019,0.161313623189926,0.332306057214737,0.0388383381068707,"North.West",TRUE,FALSE
30,"NGA021014",0.0027359781121751,731,2,"Katsina",0.52425988237278,0.209580912733163,0.292857229492151,0.182005278042929,0.129882184023933,0.0827773432430498,0.04979625436034,0.0301408442109361,0.0229599835050735,0.00745109759875458,0.305865169749684,1.51836260831516,0.0228357738129474,0.204807812291819,0.69793389850128,0.178010952971932,0.899215528786921,0.845012608300349,0.10835506767202,1.41511238849757,0.770918965339661,0.0523600839984497,0.0317675479634405,0.210445925593376,0.139674037694931,0.125311747193336,0.244885668158531,0.169052958488464,0.164287477731705,0.192439258098602,0.146827474236488,0.227281332015991,0.304767787456512,0.167256847023964,0.0897645056247711,0.209952086210251,0.280415832996368,0.0681956186890602,0.274031430482864,0.278391629457474,0.179455995559692,0.323566555976868,0.147684052586555,"North.West",FALSE,FALSE
31,"NGA021019",0,729,0,"Katsina",0.503802389984046,0.21700908305096,0.293095989928527,0.171582553466698,0.132958816546623,0.0832316760130896,0.0500266063847723,0.0295536471260095,0.0225417412762497,0.00375462694861845,0.0382998121591973,1.52411455786208,0.0123590791862648,0.217831639783058,0.701269585615553,0.162284954663562,0.873340988515659,0.890637989086648,0.132855402241969,1.44914138774476,0.815406799316406,0.0133477086313421,0.00435812515414823,0.187443576753139,0.124998807907104,0.112902998924255,0.215425595641136,0.168197199702263,0.203012391924858,0.194537803530693,0.13750559091568,0.22756489366293,0.260538026690483,0.158958308398724,0.0674987733364105,0.189063042402267,0.27436988055706,0.080664187669754,0.259611964225769,0.214157722890377,0.198826998472214,0.269852101802826,0.160891175270081,"North.West",FALSE,FALSE
32,"NGA021021",0,447,0,"Katsina",0.533654630838843,0.204894581463025,0.300519681292062,0.180469257868644,0.124327050875538,0.0854824982195428,0.0500933149340402,0.0307794241263547,0.0234341458145288,0.00613956636978732,0.966582817934828,1.53010175247462,0.026190068363968,0.122245410069306,0.786475842382905,0.0735949801463893,0.939953357877389,0.79813208353497,0.133607815408532,1.35060840419341,0.723643213510513,0.289814498802775,0.280060391503664,0.165791466832161,0.187588803470135,0.11511692032218,0.200002089142799,0.198306657373905,0.260572493076324,0.19377538561821,0.175081990659237,0.273706987500191,0.272900015115738,0.159218698740005,0.139855444431305,0.22287917137146,0.244277328252792,0.114994734525681,0.213505491614342,0.242177255451679,0.172607816755772,0.318262472748756,0.113380905240774,"North.West",TRUE,FALSE
33,"NGA022006",0.00416088765603329,721,3,"Kebbi",0.50607224782091,0.203216373496801,0.287945412554823,0.174928907703746,0.134551086908242,0.0882323551221387,0.0517001094688578,0.0347906968987046,0.0246350232994893,0.00488028851377871,0.348318357253425,1.53314394909314,0.0598459815155222,0.236370216639813,0.789758567207733,0.193525952062969,0.952488745430545,0.980939675590185,0.0915083836128407,1.51873844141839,0.51312580704689,0.0328618811079411,0.0214854163467422,0.205337442457676,0.109380703419447,0.0958368219435215,0.220703102648258,0.164715178310871,0.166318379342556,0.212047822773457,0.148622810840607,0.205163791775703,0.269778817892075,0.179691396653652,0.0671552307903767,0.198556028306484,0.273386389017105,0.0735740512609482,0.269231900572777,0.243315912783146,0.188337497413158,0.290632784366608,0.173465631902218,"North.West",FALSE,FALSE
4,"NGA023003",0.00138888888888889,720,1,"Kogi",0.504090165160304,0.202968299138714,0.278161478085706,0.182322171006114,0.133768445769149,0.0891729986177447,0.0554631069155409,0.0331240413152934,0.0250192495061729,0.0115160470598912,0.200356892220187,1.53072832412277,0.0631401184186674,0.0106199798135572,0.555361758173808,0.276824993820648,0.766225485088545,0.768317489559888,0.0794831914277353,1.47877869679109,0.680475294589996,0.02996833549369,0.0072633081439316,0.21482264995575,0.143959812819958,0.109751742333174,0.285337209701538,0.159864544868469,0.126509733498096,0.168571449816227,0.124531123787165,0.233289502561092,0.328721508383751,0.162269487977028,0.135211899876595,0.220486015081406,0.284544393420219,0.0336859058588743,0.325248628854752,0.308565095067024,0.198858581483364,0.350953429937363,0.111122760921717,"North.Central",FALSE,FALSE
5,"NGA023017",0.0013550135501355,738,1,"Kogi",0.504922864583248,0.205335557289002,0.275617525519658,0.180908558340148,0.133421408267823,0.088870263488259,0.0546132487169711,0.0346678128388957,0.0265656891007325,0.00931168563318301,0.496682992920018,1.46314999371878,0.0559457282875142,0.000908625982864169,0.398062744632854,0.298855785602888,0.587266464062074,0.696805585769991,0.093532099077585,1.42169006263109,0.538084447383881,0.0529681380853284,0.0389790398801919,0.23164027929306,0.170249700546265,0.0755842328071594,0.311209082603455,0.153716042637825,0.100888036191463,0.247739642858505,0.166623741388321,0.23911440372467,0.343279391527176,0.226461306214333,0.0935504361987114,0.212839871644974,0.319395333528519,0.0717314034700394,0.362924307584763,0.315356463193893,0.288425952196121,0.349319875240326,0.185106799006462,"North.Central",FALSE,FALSE
6,"NGA024008",0,407,0,"Kwara",0.496325475704378,0.164182076071974,0.261586888518565,0.186015659993269,0.141459915384598,0.0979544854806015,0.0672916186091429,0.0446666135274525,0.0368427629020372,0.00805831458181321,0.890055684725342,1.40968813059872,0.0434812229357029,0.00421536266991599,0.464888746537294,0.228619056740958,0.529040829136672,0.769461058830953,0.0956016512189388,1.39703865872108,0.379733130335808,0.396748090664122,0.330636559236693,0.0697220861911774,0.375071167945862,0.118261307477951,0.198140025138855,0.226280584931374,0.404420912265778,0.189756333827972,0.209358468651772,0.513104021549225,0.374920934438705,0.0877660438418388,0.395039111375809,0.267893373966217,0.177905365824699,0.122274816036224,0.156931936740875,0.292829871177673,0.0843173116445541,0.432344198226929,0.0104405554011464,"North.Central",TRUE,FALSE
60,"NGA025002",0.0075187969924812,665,5,"Lagos",0.527212941452403,0.129789756693156,0.213502473646008,0.216362225137351,0.189596087914342,0.113858833764961,0.0724461384077712,0.0417765792997506,0.022667922990218,0.0177014266821909,0.999999014666497,1.19970847830114,0.0623940206579729,0.000553228367701179,0.307300994578627,0.157654550513879,0.325006055385905,0.673202259521469,0.0654921246576343,1.35878217318012,0.151327520608902,1,0.955806970596313,0.0178436897695065,0.370502859354019,0.145292028784752,0.118088625371456,0.257174730300903,0.518462657928467,0.185489654541016,0.192524969577789,0.484189838171005,0.252496600151062,0.04465302079916,0.531040787696838,0.243454247713089,0.118123397231102,0.227118536829948,0.0513687245547771,0.218009412288666,0.0296186804771423,0.346160173416138,0.00012174976291135,"South.West",TRUE,FALSE
61,"NGA025003",0.00172413793103448,580,1,"Lagos",0.516421621644044,0.141024663630175,0.216244609228296,0.196521693118097,0.195994575794305,0.124517021207805,0.0664410593728273,0.0381664410216754,0.0210899374042102,0.01166743826041,0.995464364131257,1.22983970313539,0.0677962742054877,0.000485201725398754,0.283855602621681,0.156615569790326,0.330009489207631,0.643293758268848,0.0680271531964303,1.37479980240977,0.376461118459702,0.877042752951748,0.743062169913676,0.0124549390748143,0.398892760276794,0.182823970913887,0.143371164798737,0.347342729568481,0.53031325340271,0.144890442490578,0.212939143180847,0.592426478862762,0.272502839565277,0.0384027473628521,0.591120064258575,0.282483875751495,0.0704933181405067,0.224376365542412,0.0628635138273239,0.186319455504417,0.0193271953612566,0.383581817150116,4.24377067247406e-05,"South.West",TRUE,FALSE
59,"NGA025016",0.00313971742543171,637,2,"Lagos",0.522473598973053,0.117411621984824,0.191118453884547,0.212705588166535,0.2057914269408,0.12135708927638,0.0714103818102633,0.0481557442179148,0.0320496837973183,0.0120277962587483,0.999991508843258,1.21287368061184,0.0649536442550098,0.000438178606685776,0.281147617206919,0.15831760070201,0.310152057206937,0.656796588054128,0.0648014957588018,1.36026972459088,0.0196331795305014,1,0.998671598294202,0.0278714839369059,0.323271602392197,0.147432588040829,0.141415953636169,0.259007483720779,0.418449640274048,0.168346419930458,0.220084056258202,0.469774633646011,0.244487844407558,0.0507567394524813,0.431348562240601,0.258589312434196,0.115597125142813,0.219398126006126,0.0586316417902708,0.178441911935806,0.0189379109069705,0.30593504011631,0.000377974443836138,"South.West",TRUE,FALSE
7,"NGA026008",0,711,0,"Nasarawa",0.505448567373969,0.195568926791348,0.281833233253982,0.189571023654001,0.141819889407867,0.0877545290659724,0.0509794985890996,0.0283671191404227,0.0241057183915256,0.0155831898383289,0.0206197308598703,1.46399206803074,0.0737814354890844,0.0276763498003284,0.608720975257634,0.136451993102996,0.803743542269481,0.8318922526528,0.0409842089505468,1.45646602676669,0.681795209646225,0.0198555212735912,0.0095531313714021,0.217210814356804,0.076673548668623,0.0971334688365459,0.279066205024719,0.147375121712685,0.114493675529957,0.240015476942062,0.124978877604008,0.205710090696812,0.31620429456234,0.21641006320715,0.0375052485615015,0.21386332064867,0.324255704879761,0.0452711135149002,0.326615884900093,0.288197696208954,0.188068181276321,0.326455101370811,0.204388752579689,"North.Central",FALSE,FALSE
8,"NGA027017",0.00307692307692308,325,1,"Niger",0.509838799242376,0.20884347031247,0.285161884390102,0.175604256426964,0.135363095025715,0.0879713792601899,0.0529230600467387,0.0313102524830676,0.0228221123395818,0.00814529255810854,0.237032143014889,1.43998550719725,0.0404901825693145,0.00179065970774342,0.395520172073783,0.172244050329553,0.585947093013137,0.899329262203464,0.0870977084736908,1.29693047085058,0.615925788879395,0.00640384999868955,0.00192571148312163,0.242000460624695,0.132616087794304,0.08200803399086,0.286680817604065,0.15340331196785,0.139100596308708,0.270003855228424,0.175916865468025,0.223020106554031,0.310550838708878,0.244386315345764,0.072939820587635,0.211814790964127,0.342609226703644,0.101215243339539,0.321949124336243,0.271997928619385,0.258103132247925,0.304172277450562,0.215941444039345,"North.Central",FALSE,FALSE
9,"NGA027022",0,663,0,"Niger",0.505745432525768,0.207118586866147,0.280855187632428,0.175357757478357,0.141240581222991,0.0854025698294876,0.0501580744530566,0.0298593062306522,0.0300078720660786,0.00690229353698115,0.57039418117357,1.46699776896158,0.0907099930181834,0.918244226495363,0.822198425118191,0.0905148268154513,0.856301409726793,0.871628185385762,0.0551255745940248,1.44436530467525,0.740239143371582,0.00431801344736084,0.00108946332944267,0.236308075487614,0.106080546975136,0.0838555432856083,0.289253830909729,0.14550257474184,0.122615154832602,0.246196255087852,0.138130210340023,0.209460414946079,0.320201396942139,0.229260683059692,0.0495210774242878,0.213790006935596,0.339916884899139,0.0586292613297701,0.342014938592911,0.278864324092865,0.237569235265255,0.325576260685921,0.211820997297764,"North.Central",FALSE,FALSE
62,"NGA028003",0.00153139356814701,653,1,"Ogun",0.504904869023186,0.151768825813593,0.238704064402904,0.182327080576243,0.172352754329015,0.121604200033,0.0680510797226103,0.0388634030259301,0.0263285403613101,0.0165613130842923,0.977141050255495,1.42303925583799,0.0624974466743509,0.00129410848915472,0.527390831209701,0.170226501127406,0.627341975614373,0.658454948575703,0.0929735367354147,1.45471093890318,0.560138881206512,0.1956600242553,0.179870278388983,0.147925242781639,0.26859924197197,0.116147689521313,0.198791146278381,0.294261872768402,0.224502116441727,0.236895963549614,0.262000739574432,0.321220457553864,0.256573289632797,0.13799661397934,0.248134672641754,0.209297895431519,0.251878082752228,0.220553830265999,0.232066452503204,0.169578433036804,0.275544375181198,0.279343396425247,0.172054678201675,"South.West",TRUE,FALSE
63,"NGA028007",0.00991735537190083,605,6,"Ogun",0.508975144239473,0.151414857106433,0.228959688078657,0.183623103658615,0.181819453387675,0.124654935500723,0.0672031689531774,0.0385347577268059,0.0237900990576186,0.013944265253543,0.723224910766797,1.41587776996354,0.0582809720438983,0.000843765019296649,0.362753522895249,0.184254070912978,0.482812861727894,0.673158169380077,0.0838874011145348,1.41830775796557,0.561420232057571,0.236524995489076,0.235077444246733,0.146763473749161,0.270239233970642,0.115197792649269,0.211345866322517,0.266324251890182,0.223521754145622,0.196205958724022,0.228552058339119,0.314565002918243,0.267928212881088,0.116583317518234,0.273577779531479,0.219571501016617,0.191136285662651,0.181170761585236,0.258936554193497,0.201006680727005,0.238066151738167,0.318732738494873,0.114844590425491,"South.West",TRUE,FALSE
64,"NGA029006",0.00663129973474801,754,5,"Ondo",0.500944687200314,0.136704961309325,0.23692640309765,0.203594162237055,0.166207976967102,0.111400983250724,0.0711507805613971,0.0438445986893863,0.0301702034496148,0.00960629378943803,0.587431984432942,1.38437561329916,0.0351826040004399,0.000374261237111418,0.308716382549983,0.275452658281488,0.486374622568031,0.736147158009606,0.0699945622727036,1.43145330914356,0.484803140163422,0.220117879206308,0.176346029171242,0.180063351988792,0.229171887040138,0.108937785029411,0.227100491523743,0.196874231100082,0.164786100387573,0.177439257502556,0.196685761213303,0.293469324707985,0.299391612410545,0.12988193333149,0.230385288596153,0.233104772865772,0.207158945500851,0.10867902263999,0.263554453849792,0.249942116439342,0.237115226686001,0.345439910888672,0.0827741473913193,"South.West",TRUE,FALSE
66,"NGA030012",0.00278551532033426,718,2,"Osun",0.521190638917184,0.101749312980268,0.22163018562149,0.256311293430761,0.165847278102847,0.0962539247475677,0.0724048171332608,0.0493676287633336,0.0364356026867474,0.0121766257548859,0.416436737208184,1.42299618416551,0.029888480447844,0.000127444665635746,0.377947304637412,0.246147802708286,0.525289178585159,0.724666782251362,0.0859398683154619,1.43476937228588,0.493261903524399,0.103624345272467,0.0487864160803055,0.123028062283993,0.125122115015984,0.118106842041016,0.195353478193283,0.143310636281967,0.119631875306368,0.195348739624023,0.139648452401161,0.213434472680092,0.21854056417942,0.164969883859158,0.129388496279716,0.215389080345631,0.249641016125679,0.0998152196407318,0.217110648751259,0.171195030212402,0.169049739837646,0.215136960148811,0.114946600049734,"South.West",TRUE,FALSE
10,"NGA032002",0,745,0,"Plateau",0.501758882095713,0.183829337737898,0.277180038578386,0.189377582774292,0.137417443885501,0.0880290341425908,0.054488784046304,0.0357414613617437,0.0339362908870392,0.00986060901307757,0.275769189342828,1.35683406736707,0.0655691072376592,0.109752167496843,0.579816699364261,0.0936124746955223,0.703117330090521,0.732548187299529,0.0881083297095764,1.43255902362677,0.724339067935944,0.0105238469925332,0.00220281882883774,0.264892190694809,0.133123561739922,0.0992437824606895,0.330495238304138,0.150938302278519,0.121049329638481,0.22566120326519,0.134128093719482,0.237294286489487,0.370561152696609,0.217284604907036,0.0784163922071457,0.227598682045937,0.326513797044754,0.0439442023634911,0.38425886631012,0.335909932851791,0.249929159879684,0.394072085618973,0.168579697608948,"North.Central",FALSE,FALSE
54,"NGA033015",0.00413223140495868,484,2,"Rivers",0.524649531340195,0.12825635583372,0.218489785575802,0.224914945869326,0.202893788204744,0.11492965982312,0.0606987429255565,0.0308783951998006,0.0189382996558296,0.0238296333191486,0.956053175365184,0.988632090697416,0.0476877912027923,0.00173767213914757,0.308205738512447,0.206717962153848,0.279720741611506,0.785059746273745,0.0477883988770222,1.36250177493099,0.383519232273102,0.53820456681233,0.0554045639345454,0.0707146786153316,0.326341211795807,0.139925390481949,0.150958202779293,0.214833900332451,0.372537434101105,0.205141551792622,0.220731571316719,0.409124001860619,0.243528760969639,0.0965071506798267,0.350466504693031,0.223789252340794,0.176317133009434,0.200721837580204,0.135757520794868,0.187417082488537,0.127499304711819,0.302874848246574,0.0374415069818497,"South.South",TRUE,TRUE
55,"NGA033017",0,529,0,"Rivers",0.51166879329903,0.124474680053374,0.261719985000121,0.207942685627053,0.139029261697803,0.104356993292114,0.0731886389839378,0.0529220064084433,0.0363657281692149,0.0362985090623278,0.141260487937428,1.28865797704765,0.0463808969886019,0.00454739229567242,0.459957599939062,0.210998045625035,0.567292696033273,0.846591112980533,0.0649818922808004,1.44344323973709,0.461776599287987,0.0669401486523246,0.00572036210393311,0.160106979310513,0.0995209999382496,0.134026728570461,0.209463983774185,0.304473266005516,0.21639534085989,0.269988879561424,0.24431549012661,0.252435818314552,0.178960621356964,0.18109143525362,0.189074903726578,0.180643409490585,0.220010556280613,0.243390396237373,0.195018649101257,0.153696365654469,0.18770682066679,0.153324842453003,0.130382381379604,"South.South",FALSE,TRUE
56,"NGA033022",0.00378071833648393,529,2,"Rivers",0.527635544194125,0.112736376916876,0.21914587325807,0.229846629836399,0.196810553219721,0.114387568858522,0.067404906687805,0.0368729676181067,0.0227951544624662,0.0235706141327496,0.863158203691434,1.06752697548364,0.0466102911577865,0.00252980512506571,0.345586297144484,0.198775201312785,0.352297416990557,0.800146462604425,0.0500446242023482,1.38449046610269,0.26608881354332,0.568845326461288,0.195075908659009,0.105824939906597,0.313376575708389,0.116594485938549,0.189063489437103,0.215011030435562,0.348362594842911,0.239031374454498,0.246997728943825,0.351088762283325,0.20845690369606,0.153538629412651,0.263435840606689,0.190118595957756,0.237586006522179,0.217331871390343,0.157807499170303,0.17426373064518,0.179664060473442,0.253876388072968,0.100251339375973,"South.South",TRUE,TRUE
35,"NGA034016",0.0027359781121751,731,2,"Sokoto",0.529037544217848,0.196290399775262,0.28280427243932,0.185599091101512,0.12958005457761,0.0873507098060366,0.0539561467004866,0.0374569265693727,0.0269623443840092,0.00387278852685569,0.357918370902507,1.50636502911601,0.0847845609048005,0.274140244258185,0.716937964691989,0.369354711979624,0.958398639307551,0.843567144639599,0.15265810286816,1.4937743439588,0.335880517959595,0.481309793017945,0.322059683186056,0.116144388914108,0.278618842363358,0.132662855088711,0.196076743304729,0.289858937263489,0.338586300611496,0.152983039617538,0.20956838876009,0.37539866566658,0.279666364192963,0.0947560518980026,0.35126256942749,0.226278968155384,0.171818017959595,0.144176930189133,0.150996744632721,0.230449646711349,0.107535894960165,0.328360170125961,0.0273667732253671,"North.West",TRUE,FALSE
18,"NGA035005",0.00249376558603491,802,2,"Taraba",0.521024270730163,0.20116773074378,0.283580649842351,0.182694865816952,0.141773290828529,0.0892064696923371,0.0496687382962632,0.0287855264941556,0.0231228677263251,0.0251486734918799,2.12818985310894e-08,1.52572541925707,0.0451544806318314,0.185311845241064,0.735494202217686,0.121040700989923,0.924426250326985,0.788901835381735,0.112645882206045,1.46882027272808,0.791197419166565,0.00257661483485174,0.000895091064259962,0.242176175117493,0.132418662309647,0.0924148261547089,0.272606760263443,0.165303513407707,0.152647688984871,0.249990537762642,0.168650984764099,0.221198305487633,0.30373141169548,0.223047450184822,0.0633391141891479,0.201382502913475,0.344087094068527,0.0990972071886063,0.327358812093735,0.250857412815094,0.270425140857697,0.299621403217316,0.229302376508713,"North.East",FALSE,TRUE
36,"NGA037007",0.00280898876404494,356,1,"Zamfara",0.514787233796841,0.201744588161297,0.291079040448119,0.177828520925159,0.136708120170323,0.085484227546068,0.049648809609486,0.032699374242049,0.0248074145397869,0.00408580450134279,0.0965073564812328,1.51528604907165,0.030975063148568,0.448232992091835,0.829544606497486,0.0801146800325429,0.920286131789707,0.877234785844659,0.106811405110047,1.42384328946976,0.78362450003624,0.0150038695713193,0.00783874531662618,0.221293576061726,0.105096187442541,0.104105107486248,0.264519765973091,0.15320210903883,0.149921581149101,0.2077801451087,0.128023043274879,0.209678113460541,0.303942561149597,0.187252573668957,0.0644272975623608,0.207609556615353,0.311783134937286,0.0500400047749281,0.303243339061737,0.271568968892097,0.199442140758038,0.321939587593079,0.163696840405464,"North.West",FALSE,FALSE
37,"NGA037014",0.00281293952180028,711,2,"Zamfara",0.496839570626493,0.208200678075525,0.290115772187137,0.167074150417719,0.136100312788252,0.0879097066310106,0.0525552542242699,0.0335293237891161,0.0245145149229314,0.00355972410186816,0.0279859480833319,1.52310012411774,0.0382609666179953,0.662938097462752,0.871293878614483,0.065101260686818,0.984078465057445,0.915173852027898,0.138363586217089,1.42429193664619,0.69201248884201,0.00991649772060912,0.00422368249229894,0.202719032764435,0.0968979001045227,0.0976748466491699,0.221481882035732,0.157680466771126,0.17428071051836,0.202187992632389,0.130445778369904,0.204560719430447,0.256793335080147,0.175683900713921,0.0574474632740021,0.189983449876308,0.295054137706757,0.0613132212311029,0.264642268419266,0.230367124080658,0.196447774767876,0.269615337252617,0.183962486684322,"North.West",FALSE,FALSE
34,"NGA034004",0.0027359781121751,731,2,"Sokoto",0.495376403072215,0.217456431949929,0.27768304519246,0.165254753648571,0.141043846401328,0.089717347460038,0.0512594998116008,0.0335367244654413,0.0240481537643581,0.00554123962783361,0.0158041862360615,1.52080672830379,0.0477233529040624,0.63478464702852,0.925907191591353,0.171138543707037,0.993979906935385,0.978583898504612,0.127934379261616,1.50034341514903,0.605745851993561,0.0103744185427111,0.00312508639839842,0.186876446008682,0.075069397687912,0.0910601317882538,0.238207072019577,0.153183065354824,0.139721795916557,0.201896004378796,0.127101600170135,0.20262236893177,0.264127925038338,0.181998878717422,0.0357710234820843,0.190987214446068,0.283298790454865,0.0591114107519388,0.274656563997269,0.246638916432858,0.162580877542496,0.264971166849136,0.179235905408859,"North.West",FALSE,FALSE
58,"NGA025013",0,515,0,"Lagos",0.529267493873543,0.123979923719451,0.191073380310664,0.208075137015976,0.21653457670556,0.128574989525072,0.0669503868506892,0.0402216376016188,0.0245900194289532,0.0138843455419733,0.999026138706208,1.27652367036217,0.0720798751529069,0.000286234450258567,0.315822815757834,0.164201617963372,0.334545253214212,0.649595612997862,0.0680772354434554,1.3808843496488,0.239583507180214,0.42438218936472,0.319433460675528,0.107047230005264,0.316192418336868,0.135631307959557,0.212059706449509,0.233159750699997,0.397275298833847,0.219890922307968,0.294096082448959,0.366041928529739,0.269631743431091,0.166114076972008,0.358489245176315,0.204247295856476,0.182678267359734,0.233510971069336,0.204712137579918,0.204902544617653,0.219234243035316,0.295028626918793,0.100885346531868,"South.West",TRUE,FALSE
12,"NGA002002",0.00166944908180301,599,1,"Adamawa",0.508238862138109,0.183667139466577,0.28278362256426,0.185358049878694,0.134270667433553,0.0898190622186562,0.0553658635898865,0.0365146516631459,0.0322208729896602,0.0129780690257063,0.287329931167283,1.46029927439167,0.0987590291706872,0.0975049527313474,0.557800610601511,0.177449844085935,0.750571658059053,0.793821085325792,0.118508826982194,1.3864871261275,0.705729842185974,0.00402180727141808,0.00025478957603007,0.213546633720398,0.101044483482838,0.0981358587741852,0.262135297060013,0.143361255526543,0.121638029813766,0.196805536746979,0.122279390692711,0.202930152416229,0.289338648319244,0.182996243238449,0.0653306916356087,0.201002076268196,0.303857117891312,0.0444435514509678,0.293372988700867,0.261740356683731,0.207500919699669,0.310481429100037,0.168269097805023,"North.East",FALSE,FALSE
65,"NGA029010",0.00311526479750779,642,2,"Ondo",0.505803582856172,0.130184830626487,0.264862699750455,0.20229285214635,0.137972202074239,0.104987615204352,0.0761682015804361,0.0504177594490556,0.0331137180337688,0.00850962396660793,0.233039649151103,1.53330698496134,0.05560030806868,0.00262544927866965,0.674468016542954,0.285366469740478,0.840131870428906,0.822385990006302,0.10718086259739,1.48937508684198,0.492907464504242,0.0146940140056289,0.00530075408360953,0.117677181959152,0.108495935797691,0.130402848124504,0.184861414134502,0.165856808423996,0.134493187069893,0.188478477299213,0.125352598726749,0.197446443140507,0.205568008124828,0.148093074560165,0.116119235754013,0.188498936593533,0.273017108440399,0.096975065767765,0.211745522916317,0.157535545527935,0.0787018910050392,0.208453468978405,0.167051516473293,"South.West",FALSE,FALSE
49,"NGA009003",0.0032520325203252,615,2,"Cross River",0.521181127357438,0.140108921736667,0.267586279249967,0.202605629909261,0.144610009534742,0.103740191261602,0.0689409760869034,0.0411723626549411,0.0312358108974816,0.0457346586801862,0.210563464374721,1.48316035743618,0.167503500813052,0.015298061692702,0.674004171494863,0.204013504248266,0.837586630530317,0.637310120417962,0.109163803036446,1.42474507357894,0.680004507303238,0.0099283820968865,0.00127886894210974,0.15650949627161,0.158965863287449,0.0889615081250668,0.219905123114586,0.207197085022926,0.147738233208656,0.244121506810188,0.173019140958786,0.23402862995863,0.219700321555138,0.178710527718067,0.139629326760769,0.17631109058857,0.269665136933327,0.148196838796139,0.263425871729851,0.168420612812042,0.230454117059708,0.220737010240555,0.145101629197598,"South.South",FALSE,TRUE
